{
    "$schema": "https://schema.management.azure.com/schemas/2019-04-01/deploymentTemplate.json#",
    "contentVersion": "1.0.0.0",
    "parameters": {
        "sites_BanAPI_name": {
            "defaultValue": "BanAPI",
            "type": "String"
        },
        "serverfarms_ASP_BanAPI_6cdc_externalid": {
            "defaultValue": "/subscriptions/02a2ebd4-fc2f-46f1-9cdf-aad9598187c8/resourceGroups/banapi/providers/Microsoft.Web/serverfarms/ASP-BanAPI-6cdc",
            "type": "String"
        }
    },
    "variables": {},
    "resources": [
        {
            "type": "Microsoft.Web/sites",
            "apiVersion": "2022-09-01",
            "name": "[parameters('sites_BanAPI_name')]",
            "location": "France Central",
            "tags": {
                "hidden-link: /app-insights-resource-id": "/subscriptions/02a2ebd4-fc2f-46f1-9cdf-aad9598187c8/resourceGroups/banapi/providers/microsoft.insights/components/banapi",
                "hidden-link: /app-insights-instrumentation-key": "e580b660-8583-4728-b9e6-94ba1387152d",
                "hidden-link: /app-insights-conn-string": "InstrumentationKey=e580b660-8583-4728-b9e6-94ba1387152d;IngestionEndpoint=https://francecentral-1.in.applicationinsights.azure.com/;LiveEndpoint=https://francecentral.livediagnostics.monitor.azure.com/"
            },
            "kind": "functionapp,linux",
            "properties": {
                "enabled": true,
                "hostNameSslStates": [
                    {
                        "name": "banapi.azurewebsites.net",
                        "sslState": "Disabled",
                        "hostType": "Standard"
                    },
                    {
                        "name": "banapi.scm.azurewebsites.net",
                        "sslState": "Disabled",
                        "hostType": "Repository"
                    }
                ],
                "serverFarmId": "[parameters('serverfarms_ASP_BanAPI_6cdc_externalid')]",
                "reserved": true,
                "isXenon": false,
                "hyperV": false,
                "vnetRouteAllEnabled": false,
                "vnetImagePullEnabled": false,
                "vnetContentShareEnabled": false,
                "siteConfig": {
                    "numberOfWorkers": 1,
                    "defaultDocuments": [
                        "Default.htm",
                        "Default.html",
                        "Default.asp",
                        "index.htm",
                        "index.html",
                        "iisstart.htm",
                        "default.aspx",
                        "index.php"
                    ],
                    "netFrameworkVersion": "v4.0",
                    "linuxFxVersion": "Python|3.10",
                    "requestTracingEnabled": false,
                    "remoteDebuggingEnabled": false,
                    "httpLoggingEnabled": false,
                    "acrUseManagedIdentityCreds": false,
                    "logsDirectorySizeLimit": 35,
                    "detailedErrorLoggingEnabled": false,
                    "use32BitWorkerProcess": false,
                    "webSocketsEnabled": false,
                    "alwaysOn": false,
                    "managedPipelineMode": "Integrated",
                    "virtualApplications": [
                        {
                            "virtualPath": "/",
                            "physicalPath": "site\\wwwroot",
                            "preloadEnabled": false
                        }
                    ],
                    "loadBalancing": "LeastRequests",
                    "autoHealEnabled": false,
                    "vnetRouteAllEnabled": false,
                    "vnetPrivatePortsCount": 0,
                    "localMySqlEnabled": false,
                    "scmIpSecurityRestrictionsUseMain": false,
                    "http20Enabled": false,
                    "minTlsVersion": "1.2",
                    "scmMinTlsVersion": "1.2",
                    "ftpsState": "FtpsOnly",
                    "preWarmedInstanceCount": 0,
                    "functionAppScaleLimit": 200,
                    "functionsRuntimeScaleMonitoringEnabled": false,
                    "minimumElasticInstanceCount": 0,
                    "azureStorageAccounts": {}
                },
                "scmSiteAlsoStopped": false,
                "clientAffinityEnabled": false,
                "clientCertEnabled": false,
                "clientCertMode": "Required",
                "hostNamesDisabled": false,
                "customDomainVerificationId": "4B9932B7EC90B179B4A3779A0F7C9A2A96776DA56E5B704AB9846490B7B20755",
                "containerSize": 0,
                "dailyMemoryTimeQuota": 0,
                "httpsOnly": false,
                "redundancyMode": "None",
                "storageAccountRequired": false,
                "keyVaultReferenceIdentity": "SystemAssigned"
            }
        },
        {
            "type": "Microsoft.Web/sites/basicPublishingCredentialsPolicies",
            "apiVersion": "2022-09-01",
            "name": "[concat(parameters('sites_BanAPI_name'), '/ftp')]",
            "location": "France Central",
            "dependsOn": [
                "[resourceId('Microsoft.Web/sites', parameters('sites_BanAPI_name'))]"
            ],
            "tags": {
                "hidden-link: /app-insights-resource-id": "/subscriptions/02a2ebd4-fc2f-46f1-9cdf-aad9598187c8/resourceGroups/banapi/providers/microsoft.insights/components/banapi",
                "hidden-link: /app-insights-instrumentation-key": "e580b660-8583-4728-b9e6-94ba1387152d",
                "hidden-link: /app-insights-conn-string": "InstrumentationKey=e580b660-8583-4728-b9e6-94ba1387152d;IngestionEndpoint=https://francecentral-1.in.applicationinsights.azure.com/;LiveEndpoint=https://francecentral.livediagnostics.monitor.azure.com/"
            },
            "properties": {
                "allow": true
            }
        },
        {
            "type": "Microsoft.Web/sites/basicPublishingCredentialsPolicies",
            "apiVersion": "2022-09-01",
            "name": "[concat(parameters('sites_BanAPI_name'), '/scm')]",
            "location": "France Central",
            "dependsOn": [
                "[resourceId('Microsoft.Web/sites', parameters('sites_BanAPI_name'))]"
            ],
            "tags": {
                "hidden-link: /app-insights-resource-id": "/subscriptions/02a2ebd4-fc2f-46f1-9cdf-aad9598187c8/resourceGroups/banapi/providers/microsoft.insights/components/banapi",
                "hidden-link: /app-insights-instrumentation-key": "e580b660-8583-4728-b9e6-94ba1387152d",
                "hidden-link: /app-insights-conn-string": "InstrumentationKey=e580b660-8583-4728-b9e6-94ba1387152d;IngestionEndpoint=https://francecentral-1.in.applicationinsights.azure.com/;LiveEndpoint=https://francecentral.livediagnostics.monitor.azure.com/"
            },
            "properties": {
                "allow": true
            }
        },
        {
            "type": "Microsoft.Web/sites/config",
            "apiVersion": "2022-09-01",
            "name": "[concat(parameters('sites_BanAPI_name'), '/web')]",
            "location": "France Central",
            "dependsOn": [
                "[resourceId('Microsoft.Web/sites', parameters('sites_BanAPI_name'))]"
            ],
            "tags": {
                "hidden-link: /app-insights-resource-id": "/subscriptions/02a2ebd4-fc2f-46f1-9cdf-aad9598187c8/resourceGroups/banapi/providers/microsoft.insights/components/banapi",
                "hidden-link: /app-insights-instrumentation-key": "e580b660-8583-4728-b9e6-94ba1387152d",
                "hidden-link: /app-insights-conn-string": "InstrumentationKey=e580b660-8583-4728-b9e6-94ba1387152d;IngestionEndpoint=https://francecentral-1.in.applicationinsights.azure.com/;LiveEndpoint=https://francecentral.livediagnostics.monitor.azure.com/"
            },
            "properties": {
                "numberOfWorkers": 1,
                "defaultDocuments": [
                    "Default.htm",
                    "Default.html",
                    "Default.asp",
                    "index.htm",
                    "index.html",
                    "iisstart.htm",
                    "default.aspx",
                    "index.php"
                ],
                "netFrameworkVersion": "v4.0",
                "linuxFxVersion": "Python|3.10",
                "requestTracingEnabled": false,
                "remoteDebuggingEnabled": false,
                "httpLoggingEnabled": false,
                "acrUseManagedIdentityCreds": false,
                "logsDirectorySizeLimit": 35,
                "detailedErrorLoggingEnabled": false,
                "publishingUsername": "$BanAPI",
                "scmType": "None",
                "use32BitWorkerProcess": false,
                "webSocketsEnabled": false,
                "alwaysOn": false,
                "managedPipelineMode": "Integrated",
                "virtualApplications": [
                    {
                        "virtualPath": "/",
                        "physicalPath": "site\\wwwroot",
                        "preloadEnabled": false
                    }
                ],
                "loadBalancing": "LeastRequests",
                "experiments": {
                    "rampUpRules": []
                },
                "autoHealEnabled": false,
                "vnetRouteAllEnabled": false,
                "vnetPrivatePortsCount": 0,
                "localMySqlEnabled": false,
                "ipSecurityRestrictions": [
                    {
                        "ipAddress": "Any",
                        "action": "Allow",
                        "priority": 2147483647,
                        "name": "Allow all",
                        "description": "Allow all access"
                    }
                ],
                "scmIpSecurityRestrictions": [
                    {
                        "ipAddress": "Any",
                        "action": "Allow",
                        "priority": 2147483647,
                        "name": "Allow all",
                        "description": "Allow all access"
                    }
                ],
                "scmIpSecurityRestrictionsUseMain": false,
                "http20Enabled": false,
                "minTlsVersion": "1.2",
                "scmMinTlsVersion": "1.2",
                "ftpsState": "FtpsOnly",
                "preWarmedInstanceCount": 0,
                "functionAppScaleLimit": 200,
                "functionsRuntimeScaleMonitoringEnabled": false,
                "minimumElasticInstanceCount": 0,
                "azureStorageAccounts": {}
            }
        },
        {
            "type": "Microsoft.Web/sites/functions",
            "apiVersion": "2022-09-01",
            "name": "[concat(parameters('sites_BanAPI_name'), '/is_ban')]",
            "location": "France Central",
            "dependsOn": [
                "[resourceId('Microsoft.Web/sites', parameters('sites_BanAPI_name'))]"
            ],
            "properties": {
                "script_root_path_href": "https://banapi.azurewebsites.net/admin/vfs/home/site/wwwroot/is_ban/",
                "script_href": "https://banapi.azurewebsites.net/admin/vfs/home/site/wwwroot/is_ban/__init__.py",
                "config_href": "https://banapi.azurewebsites.net/admin/vfs/home/site/wwwroot/is_ban/function.json",
                "test_data_href": "https://banapi.azurewebsites.net/admin/vfs/tmp/FunctionsData/is_ban.dat",
                "href": "https://banapi.azurewebsites.net/admin/functions/is_ban",
                "config": {},
                "invoke_url_template": "https://banapi.azurewebsites.net/api/is_ban",
                "language": "python",
                "isDisabled": false
            }
        },
        {
            "type": "Microsoft.Web/sites/hostNameBindings",
            "apiVersion": "2022-09-01",
            "name": "[concat(parameters('sites_BanAPI_name'), '/', parameters('sites_BanAPI_name'), '.azurewebsites.net')]",
            "location": "France Central",
            "dependsOn": [
                "[resourceId('Microsoft.Web/sites', parameters('sites_BanAPI_name'))]"
            ],
            "properties": {
                "siteName": "BanAPI",
                "hostNameType": "Verified"
            }
        }
    ]
}