{
    "$schema": "https://schema.management.azure.com/schemas/2019-04-01/deploymentTemplate.json#",
    "contentVersion": "1.0.0.0",
    "parameters": {
        "sites_AddBanAPI_name": {
            "defaultValue": "AddBanAPI",
            "type": "String"
        },
        "serverfarms_ASP_banapi_b740_externalid": {
            "defaultValue": "/subscriptions/02a2ebd4-fc2f-46f1-9cdf-aad9598187c8/resourceGroups/banapi/providers/Microsoft.Web/serverfarms/ASP-banapi-b740",
            "type": "String"
        }
    },
    "variables": {},
    "resources": [
        {
            "type": "Microsoft.Web/sites",
            "apiVersion": "2022-09-01",
            "name": "[parameters('sites_AddBanAPI_name')]",
            "location": "East US",
            "tags": {
                "hidden-link: /app-insights-resource-id": "/subscriptions/02a2ebd4-fc2f-46f1-9cdf-aad9598187c8/resourceGroups/banapi/providers/microsoft.insights/components/AddBanAPI",
                "hidden-link: /app-insights-instrumentation-key": "48c892cb-1039-4310-9733-864c7e007206",
                "hidden-link: /app-insights-conn-string": "InstrumentationKey=48c892cb-1039-4310-9733-864c7e007206;IngestionEndpoint=https://eastus-8.in.applicationinsights.azure.com/;LiveEndpoint=https://eastus.livediagnostics.monitor.azure.com/"
            },
            "kind": "functionapp,linux",
            "properties": {
                "enabled": true,
                "hostNameSslStates": [
                    {
                        "name": "addbanapi.azurewebsites.net",
                        "sslState": "Disabled",
                        "hostType": "Standard"
                    },
                    {
                        "name": "addbanapi.scm.azurewebsites.net",
                        "sslState": "Disabled",
                        "hostType": "Repository"
                    }
                ],
                "serverFarmId": "[parameters('serverfarms_ASP_banapi_b740_externalid')]",
                "reserved": true,
                "isXenon": false,
                "hyperV": false,
                "vnetRouteAllEnabled": false,
                "vnetImagePullEnabled": false,
                "vnetContentShareEnabled": false,
                "siteConfig": {
                    "numberOfWorkers": 1,
                    "linuxFxVersion": "Python|3.11",
                    "acrUseManagedIdentityCreds": false,
                    "alwaysOn": false,
                    "http20Enabled": false,
                    "functionAppScaleLimit": 200,
                    "minimumElasticInstanceCount": 0
                },
                "scmSiteAlsoStopped": false,
                "clientAffinityEnabled": false,
                "clientCertEnabled": false,
                "clientCertMode": "Required",
                "hostNamesDisabled": false,
                "customDomainVerificationId": "4B9932B7EC90B179B4A3779A0F7C9A2A96776DA56E5B704AB9846490B7B20755",
                "containerSize": 1536,
                "dailyMemoryTimeQuota": 0,
                "httpsOnly": true,
                "redundancyMode": "None",
                "publicNetworkAccess": "Enabled",
                "storageAccountRequired": false,
                "keyVaultReferenceIdentity": "SystemAssigned"
            }
        },
        {
            "type": "Microsoft.Web/sites/basicPublishingCredentialsPolicies",
            "apiVersion": "2022-09-01",
            "name": "[concat(parameters('sites_AddBanAPI_name'), '/ftp')]",
            "location": "East US",
            "dependsOn": [
                "[resourceId('Microsoft.Web/sites', parameters('sites_AddBanAPI_name'))]"
            ],
            "tags": {
                "hidden-link: /app-insights-resource-id": "/subscriptions/02a2ebd4-fc2f-46f1-9cdf-aad9598187c8/resourceGroups/banapi/providers/microsoft.insights/components/AddBanAPI",
                "hidden-link: /app-insights-instrumentation-key": "48c892cb-1039-4310-9733-864c7e007206",
                "hidden-link: /app-insights-conn-string": "InstrumentationKey=48c892cb-1039-4310-9733-864c7e007206;IngestionEndpoint=https://eastus-8.in.applicationinsights.azure.com/;LiveEndpoint=https://eastus.livediagnostics.monitor.azure.com/"
            },
            "properties": {
                "allow": true
            }
        },
        {
            "type": "Microsoft.Web/sites/basicPublishingCredentialsPolicies",
            "apiVersion": "2022-09-01",
            "name": "[concat(parameters('sites_AddBanAPI_name'), '/scm')]",
            "location": "East US",
            "dependsOn": [
                "[resourceId('Microsoft.Web/sites', parameters('sites_AddBanAPI_name'))]"
            ],
            "tags": {
                "hidden-link: /app-insights-resource-id": "/subscriptions/02a2ebd4-fc2f-46f1-9cdf-aad9598187c8/resourceGroups/banapi/providers/microsoft.insights/components/AddBanAPI",
                "hidden-link: /app-insights-instrumentation-key": "48c892cb-1039-4310-9733-864c7e007206",
                "hidden-link: /app-insights-conn-string": "InstrumentationKey=48c892cb-1039-4310-9733-864c7e007206;IngestionEndpoint=https://eastus-8.in.applicationinsights.azure.com/;LiveEndpoint=https://eastus.livediagnostics.monitor.azure.com/"
            },
            "properties": {
                "allow": true
            }
        },
        {
            "type": "Microsoft.Web/sites/config",
            "apiVersion": "2022-09-01",
            "name": "[concat(parameters('sites_AddBanAPI_name'), '/web')]",
            "location": "East US",
            "dependsOn": [
                "[resourceId('Microsoft.Web/sites', parameters('sites_AddBanAPI_name'))]"
            ],
            "tags": {
                "hidden-link: /app-insights-resource-id": "/subscriptions/02a2ebd4-fc2f-46f1-9cdf-aad9598187c8/resourceGroups/banapi/providers/microsoft.insights/components/AddBanAPI",
                "hidden-link: /app-insights-instrumentation-key": "48c892cb-1039-4310-9733-864c7e007206",
                "hidden-link: /app-insights-conn-string": "InstrumentationKey=48c892cb-1039-4310-9733-864c7e007206;IngestionEndpoint=https://eastus-8.in.applicationinsights.azure.com/;LiveEndpoint=https://eastus.livediagnostics.monitor.azure.com/"
            },
            "properties": {
                "numberOfWorkers": 1,
                "defaultDocuments": [
                    "Default.htm",
                    "Default.html",
                    "Default.asp",
                    "index.htm",
                    "index.html",
                    "iisstart.htm",
                    "default.aspx",
                    "index.php"
                ],
                "netFrameworkVersion": "v4.0",
                "linuxFxVersion": "Python|3.11",
                "requestTracingEnabled": false,
                "remoteDebuggingEnabled": false,
                "httpLoggingEnabled": false,
                "acrUseManagedIdentityCreds": false,
                "logsDirectorySizeLimit": 35,
                "detailedErrorLoggingEnabled": false,
                "publishingUsername": "$AddBanAPI",
                "scmType": "None",
                "use32BitWorkerProcess": false,
                "webSocketsEnabled": false,
                "alwaysOn": false,
                "managedPipelineMode": "Integrated",
                "virtualApplications": [
                    {
                        "virtualPath": "/",
                        "physicalPath": "site\\wwwroot",
                        "preloadEnabled": false
                    }
                ],
                "loadBalancing": "LeastRequests",
                "experiments": {
                    "rampUpRules": []
                },
                "autoHealEnabled": false,
                "vnetRouteAllEnabled": false,
                "vnetPrivatePortsCount": 0,
                "publicNetworkAccess": "Enabled",
                "cors": {
                    "allowedOrigins": [
                        "https://portal.azure.com"
                    ],
                    "supportCredentials": false
                },
                "localMySqlEnabled": false,
                "ipSecurityRestrictions": [
                    {
                        "ipAddress": "Any",
                        "action": "Allow",
                        "priority": 2147483647,
                        "name": "Allow all",
                        "description": "Allow all access"
                    }
                ],
                "scmIpSecurityRestrictions": [
                    {
                        "ipAddress": "Any",
                        "action": "Allow",
                        "priority": 2147483647,
                        "name": "Allow all",
                        "description": "Allow all access"
                    }
                ],
                "scmIpSecurityRestrictionsUseMain": false,
                "http20Enabled": false,
                "minTlsVersion": "1.2",
                "scmMinTlsVersion": "1.2",
                "ftpsState": "FtpsOnly",
                "preWarmedInstanceCount": 0,
                "functionAppScaleLimit": 200,
                "functionsRuntimeScaleMonitoringEnabled": false,
                "minimumElasticInstanceCount": 0,
                "azureStorageAccounts": {}
            }
        },
        {
            "type": "Microsoft.Web/sites/functions",
            "apiVersion": "2022-09-01",
            "name": "[concat(parameters('sites_AddBanAPI_name'), '/API_insert_ban')]",
            "location": "East US",
            "dependsOn": [
                "[resourceId('Microsoft.Web/sites', parameters('sites_AddBanAPI_name'))]"
            ],
            "properties": {
                "script_root_path_href": "https://addbanapi.azurewebsites.net/admin/vfs/home/site/wwwroot/API_insert_ban/",
                "script_href": "https://addbanapi.azurewebsites.net/admin/vfs/home/site/wwwroot/API_insert_ban/__init__.py",
                "config_href": "https://addbanapi.azurewebsites.net/admin/vfs/home/site/wwwroot/API_insert_ban/function.json",
                "test_data_href": "https://addbanapi.azurewebsites.net/admin/vfs/tmp/FunctionsData/API_insert_ban.dat",
                "href": "https://addbanapi.azurewebsites.net/admin/functions/API_insert_ban",
                "config": {},
                "invoke_url_template": "https://addbanapi.azurewebsites.net/api/api_insert_ban",
                "language": "python",
                "isDisabled": false
            }
        },
        {
            "type": "Microsoft.Web/sites/hostNameBindings",
            "apiVersion": "2022-09-01",
            "name": "[concat(parameters('sites_AddBanAPI_name'), '/', parameters('sites_AddBanAPI_name'), '.azurewebsites.net')]",
            "location": "East US",
            "dependsOn": [
                "[resourceId('Microsoft.Web/sites', parameters('sites_AddBanAPI_name'))]"
            ],
            "properties": {
                "siteName": "AddBanAPI",
                "hostNameType": "Verified"
            }
        }
    ]
}